kunnr,mart_miktar_ton,aygpay,hesnav,MRT 2026,fiil_nakliye_tl_ton,fob_tutar,ton_bası_karlılık
1001056,5.22,35721.63,5342.49,-66154.0,1744.8560786217713,,26646.08384474987
1001074,3.42,35721.63,5342.49,-32766.0,3860.651322193543,,27622.766923420484
1001128,2.28,35721.63,5342.48,-25509.0,2399.6073430301035,,27476.344762233053
1001139,7.04,35721.63,5342.49,-106000.0,,2.6364864864864868,26007.30181818181
1001142,7.21,35721.62,5342.49,-85337.0,,2.6364864864864868,29228.187669902913
1001145,35.81,35721.63,5342.49,-520017.0,,2.6364864864864868,26542.56177604021
1001160,57.17,35721.63,5342.49,-1050781.0,978.5283237771685,2.6364864864864868,21705.65464631204
1001165,0.72,35721.63,5342.49,-2496.0,914.6363942736887,,36682.816939059645
1001174,53.76,35721.67,5342.5,-930611.0,1034.1303297711106,2.6364864864864868,22719.56719999079
1001175,17.36,35721.63,5342.49,-242003.0,,2.6364864864864868,27123.85502304147
1001201,1.2,35721.63,5342.48,-12503.0,,2.6364864864864868,30644.943333333333
1001206,1.5,35721.64,5342.5,-28734.0,2832.8493960686887,,19075.29060393131
1001210,0.68,35721.62,5342.5,-10260.0,,2.6364864864864868,25975.884705882356
1001222,0.48,34907.38,4206.13,-1488.0,2312.012609990429,,33701.497390009565
1001226,6.9,35721.63,5342.49,-70860.0,,,30794.55478260869
1001234,162.94,35721.63,5342.49,-3414182.0,1747.611746904813,2.6364864864864868,18362.8934255513
1001239,4.84,35721.64,5342.5,-146521.0,,2.6364864864864868,10791.206115702476
1001244,37.0,35721.63,5342.49,-613250.0,,2.6364864864864868,24489.795675675672
1001253,7.72,35721.64,5342.48,-106703.0,,2.6364864864864868,27242.48787564766
1002021,0.24,35250.25,5385.83,-1440.0,4571.268001246479,,30064.811998753525
1002026,7.8,35250.27,5385.82,-196560.0,4002.4991663226688,,11433.590833677328
1002030,0.48,34436.0,4249.46,-2100.0,,,34310.46
1003026,4.56,35709.05,5409.99,-66305.0,5779.168400313985,,20799.301424247416
1003038,19.32,35709.05,5409.99,-249686.0,3968.912856337865,15.778000648648648,24226.421139521353
1003041,15.73,35709.05,5409.99,-34572.0,,14.640093081081083,38921.201474888745
1003053,5.04,35709.05,5409.99,-82278.0,8134.377867342249,,16659.66213265775
1003055,2.74,35709.05,5409.99,-34724.0,,8.672985945945948,28446.047299270074
1003057,89.46,35709.05,5409.99,-1583352.0,3341.5122569786595,,20078.53377923864
1003068,4.2,35709.05,5409.99,-25886.0,4174.456937000478,,30781.249729666193
1003072,6.25,35709.05,5409.99,-84848.0,3460.6060797761465,,24082.753920223855
1003078,7.3,35709.05,5409.99,-76684.0,,9.36690918918919,30614.382465753428
1003080,15.23,35709.05,5409.99,-122309.0,,16.539734324324325,33088.24551543007
1003085,16.32,35709.05,5409.99,-195577.0,2937.76385174635,,26197.391344332085
1003087,30.44,35709.05,5409.99,-540666.0,3642.1009648789254,,19715.24389714473
1003089,5.94,35709.05,5409.99,-78973.0,4332.466671773186,,23491.45548310897
1004020,2.52,36486.29,5492.49,-25200.0,10985.03115418777,,20993.748845812228
1004025,6.96,36486.29,5492.49,-260472.0,11741.645362987629,,-7187.003294022114
1004033,0.96,36486.29,5492.49,-2400.0,12473.34811882728,,27005.43188117272
1004041,2.64,35672.04,4356.13,-71400.0,12392.244699139943,,590.470755405513
1004045,1.86,36486.3,5492.48,-37025.0,11974.3514356444,,10098.514585860976
1004064,2.46,36486.29,5492.49,-25215.0,13210.614735451125,,18518.165264548872
1004065,2.28,36486.29,5492.49,-296.0,11857.438173050652,,29991.51726554584
1005023,4.56,35734.05,5384.99,-105229.0,5616.876638027105,,12425.628274253595
1005031,6.36,35734.05,5384.99,-108470.0,5942.437387173615,,18121.571166285503
1005038,2.16,34919.8,4248.63,-3150.0,7032.387376522565,,30677.709290144103
1005040,3.42,35734.05,5384.99,-26224.0,,,33451.20374269006
1005047,42.35,35734.05,5384.99,-207642.0,5157.492630310876,14.882966216216216,31058.548550326672
1006151,4.2,35804.79,5335.09,-43993.0,3278.3097767272147,7.506815243243245,27387.046413748983
1006210,7.38,35824.98,5335.1,-66420.0,3131.9395447601805,,29028.140455239823
1006214,4.19,35804.79,5335.09,-109459.0,4784.19054093498,,10231.82311061634
1006285,1.94,35804.79,5335.08,-16524.0,5568.322997803268,,27054.021229000857
1006293,6.5,35804.78,5335.08,-104064.0,,2.6364864864864868,25130.013846153844
1006301,0.74,35804.79,5335.1,-5580.0,,2.6364864864864868,33599.34945945946
1006320,51.59,34285.2,5335.09,-2842116.0,,13.273338486486487,-15470.153884473737
1006322,1.08,35804.79,5335.09,-9180.0,,2.6364864864864868,32639.880000000005
1006328,2.16,35804.79,5335.09,-14040.0,5008.312980791676,,29631.567019208327
1006337,1.68,35804.79,5335.1,-10920.0,5212.623738975177,,29427.266261024823
1006348,1.8,34990.54,4198.73,-14850.0,3322.1041728695454,,27617.165827130462
1006383,2.16,35804.79,5335.09,-18360.0,5245.753667854486,,27394.12633214552
1006391,3.72,34990.54,4198.73,-57660.0,5571.704207080257,,18117.565792919748
1006392,55.4,33814.79,5335.1,-1068333.0,4168.599892650304,2.6364864864864868,15697.300937674609
1006413,7.8,34990.54,4198.73,-140047.0,4508.533171158163,,16725.993239098254
1006416,12.84,35804.79,5335.09,-205440.0,3980.767219100058,,21159.112780899944
1006423,0.6,34990.53,4198.73,-3600.0,,,33189.259999999995
1006478,4.68,35804.79,5335.09,-49140.0,4238.4101156094275,,26401.46988439058
1006480,6.12,35804.79,5335.09,-52020.0,5329.6712935471105,,27310.208706452897
1007011,30.6,35685.71,5433.32,-590585.0,4825.129165596938,,16993.73743571025
1007028,29.82,35685.71,5433.32,-399620.0,5128.444045174576,,22589.512849526967
1007033,1.56,35685.71,5433.32,-24791.0,6051.16877556237,,19176.194557770963
1007059,1.26,35685.71,5433.32,-11936.0,4024.6385353415963,,27621.37559164253
1007060,9.72,35685.71,5433.32,-91702.0,5689.838808707899,,25994.829051374403
1007062,8.54,35685.71,5433.32,-122514.0,4799.563044318819,,21973.565316336913
1007083,10.3,35685.71,5433.32,-185869.0,5398.465737528255,,17675.03028188922
1007087,10.99,35685.71,5433.32,-140804.0,5750.620431742601,,22556.39864924011
1007090,29.89,35685.71,5433.32,-575099.0,4936.431372948582,,16942.083404568984
1007091,10.22,35685.71,5433.32,-214534.0,5278.751544643188,,14848.693328155248
1007119,45.4,35685.71,5433.32,-756826.0,4218.156417216077,,20230.697371330174
1007121,0.58,35685.71,5433.33,-11740.0,,2.6364864864864868,20877.66068965517
1007124,9.56,35685.71,5433.32,-86817.0,,2.6364864864864868,32037.753849372384
1007130,14.5,35685.71,5433.32,-156343.0,,2.6364864864864868,30336.754137931035
1007132,28.32,35685.71,5433.32,-519834.0,,2.6364864864864868,22763.30966101695
1007133,10.61,35685.71,5433.32,-83889.0,,2.6364864864864868,33212.432450518376
1007139,6.64,35685.71,5433.32,-94630.0,,2.6364864864864868,26867.523975903612
1007141,7.08,35685.71,5433.32,-74822.0,,2.6364864864864868,30550.9509039548
1007142,5.09,35685.71,5433.32,-35029.0,,2.6364864864864868,34237.1046561886
1007144,14.71,35685.71,5433.32,-125300.0,,2.6364864864864868,32601.015044187625
1007147,17.59,35685.71,5433.32,-124950.0,,2.6364864864864868,34015.56212052303
1007150,8.28,35685.71,5433.32,-83342.0,,2.6364864864864868,31053.57106280193
1007156,5.94,34871.46,4296.96,-75845.0,4899.572996438498,,21500.328485042985
1007161,12.47,35685.71,5433.32,-178033.0,3947.4266957616683,,22894.698733268
1007168,12.74,35685.71,5433.32,-92378.0,,2.6364864864864868,33868.00959183673
1007169,6.54,35685.71,5433.32,-121251.0,4319.245945737637,,18259.875797381625
1007185,7.78,35685.7,5433.32,-106030.0,,2.6364864864864868,27490.485295629816
1007186,25.96,35685.71,5433.32,-325601.0,5613.97807190118,,22962.640525941657
1007216,7.16,35685.71,5433.32,-81349.0,5524.775887020712,,24232.661934208336
1007218,11.96,35685.71,5433.32,-243706.0,4513.790911260738,,16228.483235896452
1007225,6.31,35685.71,5433.32,-75506.0,,2.6364864864864868,29152.94442155309
1007231,23.56,35685.71,5433.32,-250499.0,,2.6364864864864868,30486.644601018674
1007232,10.08,35685.71,5433.32,-128579.0,,2.6364864864864868,28363.176825396826
1007236,10.82,35685.71,5433.32,-135041.0,,2.6364864864864868,28638.34608133087
1007237,21.54,35685.71,5433.32,-573943.0,4288.192943777596,,10185.386731245613
1007238,19.63,35685.71,5433.32,-214152.0,,2.6364864864864868,30209.605649516045
1007239,11.34,35685.71,5433.32,0.0,6621.826808092868,,34497.20319190713
1007243,19.72,35685.71,5433.32,-303669.0,4791.401288396553,,20928.592200447256
1007262,17.02,35685.71,5433.32,-322356.0,,2.6364864864864868,22179.194512338425
1008015,4.84,36384.87,5491.75,-31434.0,9049.506971321145,,26332.4849295053
1008020,1.92,36384.87,5491.75,-6240.0,10327.246478561967,,28299.373521438036
1008028,13.92,36384.87,5491.75,-116945.0,8212.113583844903,,25263.285151787284
1008032,4.25,36384.88,5491.75,-27364.0,9668.23495453008,,25769.806810175796
1008034,8.21,36384.87,5491.77,-124351.0,11007.081995196479,,15723.272986533118
1008039,0.18,35570.61,4355.39,0.0,9345.120124857813,,30580.879875142185
1008040,7.91,36384.87,5491.75,-43494.0,8813.670443301431,,27564.340201452047
1008047,4.86,36384.87,5491.75,-75364.0,9378.30676532972,,16991.31734989662
1008048,2.22,35570.62,4355.39,0.0,9303.237314826532,,30622.77268517347
1009040,3.31,35760.72,5358.32,-33525.0,2658.7438854792326,,28331.89732297998
1009049,16.2,35760.72,5358.32,-221188.0,2787.413305599659,,24678.046447486762
1009052,3.78,35760.72,5358.32,-55163.0,2566.901514537424,,23958.752242076334
1009060,12.52,35760.72,5358.32,-49755.0,3162.7145405011893,,33982.283925952484
1009067,5.77,34946.47,4221.96,-34725.0,3344.1484800716376,,29806.08394627152
1009070,4.8,35760.72,5358.32,-47736.0,2509.3847690102216,,28664.65523098978
1009075,1.44,35760.72,5358.32,-8871.0,3847.5092637769576,,31111.114069556377
1009077,1.98,35760.72,5358.32,-58764.0,4074.801117972283,,7365.451003239839
1009086,10.82,35760.72,5358.32,-243487.0,,13.855685621621625,18615.620406654347
1009087,6.78,35760.72,5358.32,-84481.0,2996.975691904077,,25661.739824320117
1009088,5.04,35760.72,5358.32,-119359.0,3245.269521303172,,14191.429208855563
1009094,11.66,35760.72,5358.32,-105421.0,2850.8171988149047,,29226.970657102764
1009095,4.78,35760.72,5358.32,-50690.0,3015.430676656953,,27499.0068128828
1009096,2.58,35760.72,5358.32,-113545.0,3823.0534501592715,,-6713.703372639888
1009097,13.44,35760.72,5358.32,-156300.0,3125.5170799652656,,26364.058634320452
1009098,4.78,35760.72,5358.32,-45826.0,3218.2659848747858,,28313.744726422286
1009100,88.78,35760.72,5358.32,-2956063.0,2534.6214637934268,,5287.921577432076
1009101,10.2,35740.95,5358.32,-141652.0,2384.715377062272,,24827.103642545564
1009110,9.77,35760.72,5358.32,-219974.0,2840.0807216333073,,15763.708510710603
1009113,5.3,35760.72,5358.32,-46502.0,3101.6261624581944,,29243.451573390863
1009114,2.84,35760.72,5358.32,-36620.0,4400.775333098774,,23823.898469718126
1009123,4.16,35760.72,5358.32,-41833.0,2557.2166807472813,,28505.8137038681
1009125,28.46,35760.72,5358.32,-742042.0,2030.517657096773,,13015.367037211028
1009129,7.31,35760.72,5358.32,-113684.0,3341.1950823274306,,22225.998132446854
1009130,7.32,35760.72,5358.32,-121255.0,2968.0259856082075,,21586.123304009285
1009133,10.44,35760.72,5358.32,-470719.0,2649.356225516498,,-6618.3430454398695
1010001,39.96,35721.56,5369.15,-1058365.0,3439.742511897289,,11165.3568774921
1010039,1.8,38762.42,5369.15,-4950.0,3188.2057934678883,,38193.36420653211
1010049,10.56,35721.56,5369.15,-124161.0,2490.807117669379,,26842.232427785166
1010058,8.1,35721.56,5369.15,-96885.0,1815.8530282749493,,27313.74586061394
1010064,28.74,35721.56,5369.15,-403870.0,2788.479643681163,,24249.690342400947
1010072,15.84,35721.56,5369.15,-345884.0,3955.2810684557285,,15299.317820433163
1010075,7.68,35721.56,5369.15,-147643.0,4167.218049402529,,17699.142992264133
1010082,6.18,35721.56,5369.15,-138440.0,4680.116827847357,,14009.298673770765
1010083,25.32,35721.56,5369.15,-386887.0,2784.8196946590638,,23025.99299096495
1010085,4.26,35721.56,5369.15,-148809.0,1853.3632543188785,13.165031621621623,4305.656604836047
1010086,8.46,35721.56,5369.15,0.0,2810.8872561766325,,38279.822743823366
1010099,1.92,35721.56,5369.15,-22221.0,4502.452124528841,,25014.820375471158
1010102,6.18,35721.56,5369.15,-57327.0,3379.456322845917,,28435.04008492107
1010103,10.14,35721.56,5369.15,-102911.0,2356.4005541025153,,28585.29563919137
1010104,6.6,35721.56,5369.15,-71726.0,3782.6274954743462,,26440.50674694989
1010109,14.22,35721.56,5369.15,-234580.0,2506.2922739378464,,22087.933900464403
1010113,15.72,35721.56,5369.15,-329963.0,1439.8830822114344,,18660.81419514226
1010114,3.18,34907.31,4232.79,-35852.0,3180.022184635619,,24685.863978886387
1010126,7.8,35721.56,5369.15,-209455.0,2795.750822669802,,11441.754049125066
1010129,11.04,35721.56,5369.15,-129025.0,2054.853605332546,,27348.80929321818
1010130,1.2,34907.31,4232.79,-70728.0,2612.9942479845245,,-22412.89424798453
1011010,7.67,35771.55,5347.5,-35252.0,,2.6364864864864868,36522.9613428944
1011016,2.11,35771.55,5347.49,-5796.0,,2.6364864864864868,38372.12056872038
1011022,9.26,35771.55,5347.49,-73076.0,3345.2528291887893,,29882.210496945125
1011025,1.92,35771.55,5347.48,0.0,,2.6364864864864868,41119.03
1012011,6.12,35770.38,5450.82,-76586.0,3948.6936748900407,,24758.45403752826
1012012,0.96,35770.38,5450.82,-18873.0,5522.58985157108,,16039.235148428917
1012017,4.2,35770.38,5450.82,-35700.0,4772.859275934303,,27948.340724065696
1012021,0.6,34956.13,4314.46,-16691.0,12652.019448333032,2.6364864864864868,-1199.7627816663735
1012031,2.94,34956.13,4314.46,-35280.0,4783.543100376055,,22487.046899623943
1012038,1.08,35770.38,5450.82,-7560.0,4573.576690894024,,29647.62330910597
1013008,1.2,34566.51,4325.29,0.0,7475.895153449366,,31415.904846550635
1013018,7.8,35380.76,5461.65,-108007.0,6172.302279661636,,20823.056438287087
1013019,3.6,35380.76,5461.65,-34997.0,5008.601904488281,,26112.419206622828
1013021,1.62,35380.77,5461.65,-14700.0,5547.737545976786,,26220.60837994914
1013028,1.32,35380.76,5461.65,-22383.0,8588.77719541547,,15296.814622766353
1013029,4.62,35380.75,5461.64,-78745.0,5440.2031938673335,,18357.814511760374
1013030,6.24,35380.76,5461.65,-103059.0,4595.162928428151,,19731.38168695647
1014019,2.11,35763.22,5355.82,-8131.0,,,37265.48549763033
1014026,2.4,35763.22,5355.82,-8400.0,5229.748649789258,,32389.29135021074
1014031,4.2,35763.22,5355.82,-14490.0,3111.2720299996568,,34557.76797000034
1014032,5.98,35763.22,5355.82,-59760.0,5017.884072530746,,26107.84489067996
1014034,3.6,35763.22,5355.82,-51146.0,3361.2088080988365,,23550.60896967894
1014048,17.06,35763.22,5355.82,-170640.0,4307.748755009852,,26808.94657910504
1015021,3.71,35692.39,5426.65,-34637.0,3323.4850869865522,,28459.436314630697
1015025,2.28,35692.39,5426.65,-28617.0,4272.917482872368,,24294.806727653944
1015026,2.4,35692.38,5426.65,-353.0,3254.694279331697,,37717.252387334964
1015030,2.89,35692.39,5426.65,0.0,4876.784546965579,,36242.25545303442
1015032,14.48,35692.5,5426.67,-252730.0,,5.3984697297297295,23665.440718232043
1015034,3.96,35692.39,5426.65,-51790.0,3308.7890736001295,,24731.968098117046
1015037,4.1,35692.39,5426.65,-53226.0,4248.9880307288795,,23888.100749758927
1015041,2.7,35692.39,5426.65,-36525.0,4584.569737468278,,23006.692484753945
1016078,682.4,2431.04,5342.49,0.0,3101.2145243975965,,4672.315475602403
1016099,10.69,36527.13,5349.49,-58536.0,3961.598435142626,,32439.249815558964
1016219,2.28,36527.13,5349.49,-26785.0,4359.500494436388,,25769.312488019743
1016220,4.2,36527.13,5349.49,-51946.0,4002.4147282630506,,25506.110033641708
1016230,8.54,36527.13,5349.49,-94401.0,4996.694430054795,,25825.9443053082
1016243,1.4,35712.88,4213.13,-19906.0,5390.148301461887,,20317.29026996668
1016244,13.14,36527.13,5349.49,-181750.0,3506.2624875030306,,24538.546249178853
1016250,6.3,36527.13,5349.49,-125221.0,2325.5531950277623,,19674.71759862302
1017015,5.64,35736.55,5382.49,-43506.0,3072.7796007445068,,30332.430612021453
1017017,11.96,35585.04,5382.49,-125618.0,4302.020103528973,,26162.332638945943
1017020,6.96,35736.55,5382.49,-50650.0,,,33841.74114942529
1017023,9.42,35585.04,5382.49,-79353.0,3448.8515678665426,,29094.793081814983
1017038,4.44,36872.92,5382.49,0.0,7934.035208138647,,34321.37479186135
1017041,8.4,35585.04,5382.49,-134880.0,6550.607190482213,,18359.779952374927
1017042,18.54,35585.03,5382.48,-267186.0,4066.052861775654,,22490.130277382912
1017048,5.52,35736.55,5382.49,-39474.0,4549.730208200885,,29418.222835277378
1017051,9.6,35585.04,5382.49,-113040.0,3335.068814431573,23.6533967027027,25857.461185568427
1017054,11.7,35585.04,5382.49,-216422.0,4101.650277138672,,18368.272885254486
1017056,3.9,35736.55,5382.49,-167869.0,3795.565867899093,,-5719.85920123243
1017057,9.84,35736.55,5382.49,-177048.0,3714.8141536604962,,19411.542919510237
1018039,1.8,35794.89,5344.99,0.0,6982.394789668389,,34157.48521033161
1019021,1.86,35781.46,5358.42,-8375.0,4841.074938525408,,31796.116889431578
1019028,2.52,35781.46,5358.42,-10710.0,5597.924889328667,,31291.955110671333
1019031,7.2,35781.46,5358.42,-65455.0,4865.249368512303,,27183.65840926547
1019032,4.56,34967.21,4222.06,-24083.0,5545.874815374579,,28362.03553550261
1019044,2.56,35781.46,5358.42,-10325.0,5655.953736348054,,31450.72313865194
1019049,3.0,34967.21,4222.06,-12750.0,5014.069760118866,,29925.20023988113
1019051,4.68,34967.21,4222.06,0.0,5613.51504144207,,33575.754958557925
1019052,38.82,35643.7,5358.42,-782223.0,4813.031112682561,,16039.088887317434
1019059,2.1,35781.46,5358.42,-18900.0,4874.092476716571,,27265.787523283427
1019066,3.0,34967.21,4222.06,-16500.0,5570.5031440005205,,28118.766855999478
1020045,5.11,35755.63,5391.65,-56095.0,5016.479919884668,,25153.304972483238
1020050,6.26,35755.63,5391.65,-116736.0,4216.180946549908,,18283.175730766383
1020053,3.24,35755.63,5391.65,-68084.0,5372.588609030546,,14761.111144055878
1020054,6.78,35755.63,5391.65,-291439.0,5290.2932832141305,,-7128.116528051891
1020059,0.72,35755.63,5391.65,-21636.0,5397.416845081202,,5699.863154918799
1020066,6.36,35755.63,5391.65,-108040.0,5093.740607052018,,19066.118009300186
1020072,6.6,34941.38,4255.29,-105614.0,4875.179451253527,,18319.369336625256
1020080,16.8,35755.63,5391.65,-374875.0,5200.190863338347,,13633.101041423553
1020082,0.72,35755.63,5391.66,-3784.0,5215.092072719526,,30676.642371724913
1020083,6.36,34941.38,4255.29,-52137.0,4650.206855537416,,26348.821635028624
1020088,11.46,35755.63,5391.65,-176282.0,4699.608346462995,,21065.29818058762
1020089,3.12,35755.63,5391.65,-56026.0,5541.636888097329,,17648.591829851386
1020091,1.33,35755.62,5391.64,-16950.0,4864.045304565172,,23538.853793179187
1020093,11.16,35755.63,5391.65,-241751.0,4959.422777306476,,14525.581237030437
1020094,2.76,35755.63,5391.65,-48296.0,4958.341730899799,,18690.38754446252
1020095,19.96,35755.63,5391.65,-296336.0,5569.180198113251,,20731.606815914805
1021020,2.6,35487.08,5432.5,-15624.0,,4.8500805405405405,34910.349230769236
1021033,1.14,35487.08,5432.48,-4320.0,4906.0190136399515,,32224.067302149517
1021035,1.26,35487.08,5432.48,-7560.0,3246.0730213502625,,31673.486978649737
1021038,2.82,35487.08,5432.49,-28200.0,4450.369627058908,,26469.200372941094
1021057,28.73,35487.08,5432.5,-642052.0,,4.5657618378378375,18571.79023320571
1021080,2.36,35487.08,5432.49,-18912.0,3639.747276277491,,29266.263401688608
1021082,2.94,35487.08,5432.49,-29400.0,4347.222553541193,,26572.347446458807
1021085,0.84,35487.08,5432.49,-13950.0,4718.36245137507,,19594.06469148207
1021111,13.22,35487.08,5432.49,-264480.0,,4.485085351351351,20913.51856278366
1021118,24.92,35487.08,5432.49,-416342.0,3774.4964846249304,4.463677081081082,20437.930658232217
1021126,0.36,35487.08,5432.5,0.0,4853.912749048185,,36065.66725095182
1022013,7.74,35719.05,5399.99,-109921.0,6225.3258104173765,,20692.034603019314
1022021,20.92,35719.05,5399.99,-281944.0,4230.414130330748,,23411.379215749563
1022029,3.0,34904.8,4263.63,-24000.0,6993.3358300315185,,24175.09416996848
1022033,2.64,35719.05,5399.99,0.0,7379.768589458499,,33739.2714105415
1022034,24.67,35719.05,5399.99,-208296.0,3378.512105472862,,29297.2364474254
1022037,2.76,35719.05,5399.99,-22080.0,4594.021559347037,,28525.018440652966
1023013,1.32,35390.11,5429.15,-10560.0,4517.268063442579,,28301.991936557424
1023033,3.12,35511.32,5429.15,0.0,4627.693480663056,,36312.77651933694
1023044,52.25,34575.86,4292.79,-1018836.0,,17.541071891891896,19369.396411483256
1023050,88.82,35390.11,5429.15,-1460340.0,3675.4518470653293,17.544130216216217,20702.240938343366
1023060,0.24,34575.88,4292.79,-1200.0,,,33868.67
1023065,1.32,35390.11,5429.15,-5940.0,5722.253657077108,,30597.00634292289
1024006,0.48,36529.63,5449.15,0.0,14915.532433706525,,27063.247566293474
1024022,0.48,36529.62,5449.14,0.0,9908.33974980905,,32070.420250190953
1024025,0.48,35715.38,4312.79,-900.0,11756.457296086302,,26396.712703913698
1024028,1.2,36529.63,5449.15,-3600.0,11603.956354601933,,27374.823645398064
1024030,2.58,36529.63,5449.15,0.0,9999.124326305353,,31979.655673694644
1024040,0.66,36529.62,5449.15,-14102.0,11739.006676864356,,8873.096656468984
1024042,0.6,36529.62,5449.15,0.0,17453.870268451035,,24524.89973154897
1024043,1.2,36529.63,5449.15,0.0,12459.448435859247,,29519.331564140753
1025028,2.35,36506.31,5472.5,-42336.0,7402.893743048665,2.6364864864864868,16560.597108015165
1025065,2.16,36506.29,5472.49,-21600.0,9418.256414654057,,22560.52358534594
1025076,0.36,36506.28,5472.48,-1260.0,9590.404834536019,,28888.355165463974
1025083,0.42,36506.29,5472.5,-1260.0,11502.343119710953,,27476.446880289048
1025106,0.66,36506.29,5472.5,-5040.0,13102.028174633322,,21240.398189003045
1025109,0.18,36506.28,5472.5,-7425.0,10157.806223440479,,-9429.02622344048
1025114,0.3,36506.3,5472.5,-7926.0,11547.79900982465,,4011.000990175351
1025115,2.52,36506.29,5472.49,-40908.0,9161.619235221335,,16583.82743144533
1025117,0.6,36506.29,5472.5,-1800.0,10611.831252745655,,28366.958747254346
1025118,0.48,35692.04,4336.13,-2640.0,10960.920308725388,,23567.24969127461
1025121,0.42,36506.29,5472.5,-3820.0,14602.774638068448,,18280.777266693458
1025128,0.36,35692.04,4336.13,0.0,15460.780394386411,,24567.389605613585
1025129,0.48,35692.04,4336.13,0.0,16646.77890941826,,23381.39109058174
1025139,1.2,36506.28,5472.5,-29919.0,9511.246724817553,,7535.033275182446
1025140,1.56,36506.28,5472.5,0.0,11073.789488424469,,30904.990511575532
1025142,0.72,36506.29,5472.49,,9395.63849279204,,
1025144,0.48,36506.29,5472.5,-2225.0,12912.988645536023,,24430.38468779731
1025146,19.67,36506.28,5472.5,-3600.0,8071.806619666432,,33723.95355318563
1025148,2.7,36506.29,5472.5,-48232.0,12117.689091383203,,11997.397204913097
1026035,9.71,35738.22,5380.83,-85754.0,,2.6364864864864868,32287.536096807416
1026037,1.75,35738.22,5380.83,-7884.0,,2.6364864864864868,36613.90714285715
1026043,4.44,35738.22,5380.82,-31766.0,4787.980985323011,,29176.554510172486
1026052,3.54,34923.97,4244.46,-21240.0,6204.847424593199,2.6364864864864868,26963.5825754068
1026053,0.72,35738.22,5380.82,-2880.0,,2.6364864864864868,37119.04
1026054,1.68,35738.22,5380.82,-10080.0,5704.964548498856,,29414.075451501143
1026062,4.79,34923.97,4244.46,-19152.0,,2.6364864864864868,35170.10014613779
1026063,3.0,34923.97,4244.46,-5250.0,5655.27836685534,,31763.151633144662
1026071,30.61,34923.97,4244.46,-728289.0,4221.0046605382595,2.6364864864864868,11154.906554750862
1026073,2.64,34664.68,4244.46,0.0,5763.7387825078185,,33145.40121749218
1026075,1.28,35738.22,5380.82,0.0,11112.6817325687,,30006.3582674313
1026079,0.18,35738.24,5380.83,-294.0,,2.6364864864864868,39485.736666666664
1026080,1.8,35738.22,5380.82,-7200.0,4121.366511671098,,32997.6734883289
1026081,2.46,35738.22,5380.82,-18409.0,,,33635.706666666665
1026082,6.96,35738.22,5380.82,-48720.0,6599.113974099882,,27519.926025900117
1027118,17.82,34556.88,4253.96,-377855.0,2095.8006231243544,,15511.05508955802
1028016,1.44,35639.9,5479.15,-14548.0,7512.606313981173,,23503.66590824105
1028027,10.82,35139.89,5479.15,-345798.0,7186.128019148155,,1473.7622581161704
1028028,3.62,35639.89,5479.15,-132905.0,7019.472722610746,,-2614.5211204007937
1028032,6.84,35639.89,5479.15,0.0,9842.932575570378,,31276.107424429625
1028033,10.16,35639.89,5479.15,-124526.0,7614.629514106165,,21247.91442290171
1028037,1.8,35639.89,5479.15,-111924.0,6948.70274794171,,-28009.662747941707
1028041,4.67,35639.89,5479.15,-100433.0,8343.343856983838,,11269.700425671406
1028042,5.92,35639.89,5479.15,-154548.0,6770.6351098133955,,8242.323809105525
1028043,10.74,35639.89,5479.15,-441709.0,6933.4907847012155,,-6941.918196246836
1028044,1.44,35639.89,5479.15,-18762.0,8891.327852168779,,19198.545481164554
1028045,2.1,35639.88,5479.15,-7778.0,7379.145760059318,2.6364864864864868,30036.074716131156
1028050,3.0,35639.89,5479.15,-103905.0,6663.939074336029,,-179.8990743360264
1028053,1.08,35639.89,5479.14,-7187.0,7299.660071061475,,27164.740299308898
1028066,4.9,35639.89,5479.15,-134221.0,6983.280850108081,,6743.718333565394
1028068,8.93,35639.89,5479.15,-203200.0,,2.6364864864864868,18364.280761478163
1028069,10.08,35639.89,5479.15,-198213.0,6236.226323851398,,15218.825580910507
1028071,4.44,35639.89,5479.15,-37660.0,8058.240727980208,,24578.817290037812
1028075,5.46,35639.89,5479.15,-62388.0,7777.187607186013,,21915.478766440363
1029017,3.72,36451.29,5502.49,0.0,7762.3803580538315,,34191.39964194617
1029021,8.1,36451.29,5502.49,-58447.0,7501.012751091034,,27237.088236563286
1029027,2.52,36451.29,5502.49,-26236.0,9065.533760643377,,22477.135128245514
1029029,3.0,35377.75,4366.13,0.0,6730.077744098377,,33013.802255901624
1029030,2.82,36451.29,5502.49,-14556.0,9296.904096015502,,27495.17377632492
1029033,0.49,36451.3,5502.48,0.0,10515.85109323758,,31437.92890676242
1029037,5.92,36451.29,5502.49,-48534.0,9164.853613461184,,24590.615575728
1030005,6.6,35716.21,5504.99,-99000.0,10111.686653535618,,16109.51334646438
1030023,13.74,35716.21,5504.99,,8857.465970287372,,
1030024,10.44,35716.21,5504.99,-120120.0,8351.828095185456,,21363.62477837776
1030027,18.18,35716.21,5504.99,-289705.0,7666.579314192582,,17619.25214895373
1031043,0.42,35418.58,5342.5,-6298.0,1068.8411542207007,,24697.000750541203
1031049,0.6,34604.35,4206.13,0.0,1265.6590527852875,,37544.82094721471
1031054,20.71,35350.53,5342.48,-337661.0,1761.0430818300645,6.450006000000001,22627.717763172343
1031066,2.52,35418.6,5342.49,-40887.0,825.8267187195846,4.037409945945946,23710.263281280415
1031070,9.78,35418.6,5342.49,0.0,1911.4301167989227,,38849.65988320107
1031071,3.84,35418.6,5342.49,-151635.0,2469.416145460333,,-1196.6073954603344
1031086,36.38,35350.53,5342.49,-924154.0,,12.611474918918919,15290.216261682242
1031091,4.8,35418.6,5342.49,-66851.0,1427.4882566142478,,25406.31007671908
1031097,3.84,35418.6,5342.49,-56159.0,3248.47420853139,,22887.87620813527
1031103,0.78,34604.36,4206.13,-103998.0,,6.437456324324325,-94520.27923076923
1031105,8.46,35418.61,5342.48,-77795.0,2430.9606325836985,,29134.502889874922
1031111,13.8,35418.6,5342.49,-199605.0,2055.873578179923,,24241.085987037462
1031113,25.45,35418.6,5342.49,-674478.0,,12.791494216216218,14259.007485265221
1031114,1.56,35418.6,5342.49,0.0,12358.918329625514,,28402.171670374482
1032032,4.14,34876.15,4292.29,-12100.0,,5.98587891891892,36245.73468599034
1032037,2.46,35690.39,5428.64,-7727.0,,6.787159891891893,37977.973089430896
1032043,17.94,35690.39,5428.65,-192385.0,3089.490650102706,9.041883135135137,27305.74778913921
1032047,6.06,35690.39,5428.65,-21591.0,3606.2176070038086,,33949.951105867476
1032048,4.86,34876.14,4292.28,-32285.0,,7.849980324324326,32525.41588477366
1032060,5.4,35690.39,5428.65,-50841.0,,14.910491135135135,31704.04
1032062,2.74,35690.39,5428.65,-8386.0,,11.922297351351352,38058.456058394164
1032063,10.72,35690.39,5428.65,-51205.0,3866.3084155349475,18.038207783783786,32476.14576356953
1033038,3.36,35785.72,5354.14,-47198.0,2592.4655851324706,,24500.37060534372
1033057,3.66,35785.73,5354.15,0.0,3425.583061656843,,37714.29693834316
1033071,14.46,35785.73,5354.15,-220467.0,3251.54974167167,,22641.649760403026
1033073,3.06,35785.73,5354.15,-18353.0,4652.6385169229125,,30489.52906477644
1033083,5.46,35785.73,5354.15,-97895.0,5200.834429804797,,18009.55839070803
1033088,8.4,35785.73,5354.15,-103152.0,4733.087529151987,,24126.79247084802
1033090,17.64,35785.73,5354.15,-175703.0,5377.987621398348,,25801.404850256982
1033098,6.48,35785.73,5354.15,-105177.0,5313.932840142992,,19594.92864133849
1033106,3.24,35785.73,5354.15,-44169.0,3285.5076846600086,,24221.96490793259
1033109,8.04,35785.73,5354.15,-97360.0,3624.3881371850425,,25406.03912649655
1033116,3.24,35785.74,5354.15,-56364.0,3839.3244219463254,,19904.26928175738
1033119,165.89,23644.7,5354.15,-3006608.0,,22.396319945945947,10874.743664476457
1033151,8.38,35785.73,5354.15,-112497.0,3677.1939819867725,,24038.223010853333
1034025,6.48,36149.09,5343.32,-64725.0,1852.8633136096882,5.9834533513513515,29651.12076046438
1034084,52.36,36149.08,5343.32,-557814.0,2013.877391679392,,28825.08486958875
1034087,13.98,36149.09,5343.32,-227416.0,1930.397016353799,,23294.774070913725
1034091,0.72,36149.08,5343.33,-6120.0,3523.0438050222674,,29469.366194977738
1034097,3.16,36149.09,5343.32,-54570.0,2930.1530319252174,,21293.269626302626
1034180,7.56,36149.09,5343.32,-94335.0,4067.7229142925476,,24946.512482532842
1034202,0.12,37820.89,5343.33,-5040.0,,2.6364864864864868,1164.2200000000012
1034203,0.71,37820.87,5343.33,-3540.0,,2.6364864864864868,38178.284507042255
1034207,12.29,36149.09,5343.32,-122880.0,1690.1191511939687,6.157883297297297,29803.91818810627
1034224,1.55,36149.09,5343.31,0.0,5964.254207082702,,35528.14579291729
1034227,2.28,36149.1,5343.32,-17244.0,2657.5071263174746,,31271.75497894568
1034252,11.34,36149.09,5343.32,-158043.0,3871.6632106212746,,23683.97430260624
1034260,0.07,35187.92,5343.33,-720.0,,2.6364864864864868,30245.535714285717
1034265,17.04,36149.09,5343.31,-86830.0,1638.8005972247893,,34757.9421257799
1034267,2.82,36149.08,5343.31,-23970.0,3251.6943931060814,,29740.695606893918
1034293,3.54,36149.1,5343.32,0.0,2940.1341296819805,,38552.28587031802
1034295,2.76,36149.09,5343.32,-16560.0,2344.3153575670203,,33148.094642432974
1034305,2.94,36149.09,5343.32,-17640.0,1732.7327172368587,,33759.677282763136
1034307,1.68,36149.09,5343.32,-18960.0,3853.2871813888205,,26353.40853289689
1034308,13.01,36149.1,5343.33,-139394.0,,2.6364864864864868,30778.056441199078
1034464,10.6,36149.09,5343.32,-132450.0,,2.6364864864864868,28997.12698113207
1034470,1.18,36149.06,5343.33,-5292.0,,7.436157405405407,37007.644237288136
1034494,20.46,36149.09,5343.32,-245323.0,1698.012843808631,,27804.025699690876
1034497,5.81,36149.08,5343.33,-46464.0,,2.6364864864864868,33495.16387263339
1034533,7.13,36149.09,5343.32,-31512.0,,4.774677027027027,37072.77465638148
1034636,0.72,36149.09,5343.32,-6480.0,7061.068292921505,,25431.341707078493
1034713,8.09,36149.09,5343.33,-80880.0,,2.6364864864864868,31494.892187886275
1034722,4.78,36149.09,5343.32,-31139.0,,2.6364864864864868,34977.97485355648
1034723,5.41,36149.08,5343.32,-54045.0,,2.6364864864864868,31502.566358595195
1034725,3.36,36149.09,5343.31,-43602.0,,2.6364864864864868,28515.614285714277
1034799,6.94,36149.07,5343.33,-28431.0,,2.6364864864864868,37395.71412103747
1034812,0.48,35334.83,4206.96,-5760.0,4326.185996176133,,23215.60400382387
1034815,35.66,36149.09,5343.32,-481464.0,1877.6952622770016,,26113.20043598435
1034818,1.91,36149.08,5343.33,-18666.0,2879.849073505296,,28839.786057384757
1034863,3.42,36149.09,5343.31,-29070.0,3596.917407447565,,29395.482592552427
1034885,6.36,36149.1,5343.33,-60420.0,2127.424644918611,5.039802108108109,29865.00535508139
1034887,6.24,36149.09,5343.32,-56160.0,1916.8233746618014,,30575.586625338197
1034895,0.48,36149.08,5343.33,-2400.0,1484.1019631855108,,35008.308036814495
1034896,8.04,36149.09,5343.32,-64320.0,2613.8646950498824,,30878.545304950116
1034915,19.84,36149.09,5343.32,-327141.0,1714.5009519419195,3.0064382702702708,23288.94735450969
1034918,1.8,36149.09,5343.32,-22500.0,,2.6364864864864868,28992.409999999996
1034921,17.7,36149.09,5343.32,-212301.0,1655.0472398690738,,27842.955980469902
1034939,2.52,36149.08,5343.33,-20160.0,2059.5885026724973,,31432.821497327503
1034940,0.48,36149.08,5343.32,-4800.0,2909.733093998078,,28582.666906001927
1034955,5.16,36149.1,5343.31,-28053.0,3975.4742232792883,,32080.307869743967
1034962,12.5,36149.09,5343.32,-175625.0,995.9358737853242,,26446.47412621467
1034963,2.87,36149.09,5343.32,-17208.0,1508.9748979063356,5.04908254054054,33987.61628676265
1034975,5.3,36149.09,5343.32,-19488.0,2161.302385469409,4.436995837837838,35654.12648245511
1034976,13.2,36149.08,5343.33,-133066.0,,2.6364864864864868,31411.652424242428
1034978,5.34,36149.09,5343.32,-40290.0,3616.0035861392626,,30331.462593636017
1034979,3.84,35334.85,4206.96,0.0,2039.4087616992324,,37502.401238300765
1034981,3.97,36149.1,5343.33,-27804.0,,2.6364864864864868,34488.90355163728
1034984,1.62,36149.08,5343.33,-11340.0,2815.956542974995,,31676.45345702501
1034987,2.22,36149.09,5343.32,-35580.0,3938.7368834544864,,21526.646089518486
1034988,2.99,36149.09,5343.32,-29959.0,,2.6364864864864868,31472.677558528427
1034991,23.64,36149.09,5343.32,-141840.0,1993.1540287417604,,33499.25597125824
1034995,9.36,36149.1,5343.32,-56080.0,3406.2450770374285,,32094.72193150958
1034996,4.68,36149.09,5343.32,-77220.0,1815.7496448040247,,23176.66035519597
1035600,6.6,35428.87,5334.98,-103793.0,1139.6099652149524,4.285028756756756,23898.027913572936
1035617,14.04,35428.87,5334.99,-172034.0,1667.0469885521165,,26843.679108313983
1035625,7.7,35428.87,5334.99,-181143.0,,5.5498040540540545,17238.795064935068
1035650,0.6,34614.62,4198.63,-2886.0,704.2386480097367,4.470531945945946,33299.011351990266
1035655,10.38,35428.87,5334.98,-166785.0,,4.494260324324324,24695.9309248555
1035658,39.12,35428.87,5334.99,-588824.0,907.13805804865,,24804.983700642555
1035674,1.74,35428.87,5334.99,-38709.0,564.8470248340759,3.3134307567567576,17952.461251027995
1035682,71.7,35428.87,5334.99,-1581088.0,,2.8209350810810814,18712.42345885635
1035695,1.9,35428.85,5335.0,-18971.0,,6.483753027027027,30779.113157894735
1035711,5.34,35428.87,5334.99,-54456.0,2717.2175395568056,,27848.889651454432
1035716,1.64,35428.87,5334.98,-25646.0,,5.808074270270271,25126.045121951225
1035722,0.6,34614.62,4198.63,-6930.0,1199.1089140127592,,26064.14108598724
1035729,3.06,35428.87,5334.99,-116760.0,1420.744831003203,,1186.2524238987535
1035733,1.7,35428.87,5334.99,0.0,,3.852750432432433,40763.86
1035740,5.46,35428.87,5334.99,-49920.0,1019.1183666504472,,30601.88449049241
1035745,23.14,35428.87,5334.99,-378702.0,,7.941730054054054,24398.172878133104
1035746,31.66,35428.87,5334.99,-600952.0,1202.1409985200253,,20580.291332497036
1035753,27.22,35428.87,5334.99,-498734.0,2683.3853043791682,,19758.138178354115
1035755,8.38,35428.85,5335.0,-207360.0,,3.3634185405405406,16019.219928400955
1035759,1.64,35428.87,5334.99,-12330.0,,7.571461891891893,33245.56731707317
1035769,4.86,35409.1,5334.99,-28859.0,1815.3741107982546,,32990.65004558034
1035793,1.69,35428.88,5335.0,-4901.0,,6.066239027027027,37863.88
1035795,6.37,35428.87,5334.99,-98882.0,,4.559750648648649,25240.78307692308
1035798,21.84,35428.87,5334.99,-346188.0,1665.7568464294336,,23247.00425247167
1035807,6.6,35428.87,5334.99,-85820.0,1325.709369530315,,26435.120327439385
1035817,5.66,35428.87,5335.0,-96642.0,2721.156233806782,,20968.155462306295
1035839,13.86,35428.88,5334.99,-144408.0,,9.699211945945947,30344.822380952377
1035848,10.74,35428.87,5334.99,-163634.0,1771.6589534237053,,23756.26063689287
1035851,17.45,35428.87,5334.99,-236327.0,,5.812609027027028,27220.765444126075
1035852,4.87,35428.89,5335.0,,,4.088557783783783,
1035858,12.0,35428.87,5334.99,-182346.0,,4.368025351351352,25568.36
1035865,7.68,35428.87,5334.99,-122484.0,1600.0804829404026,,23215.3420170596
1035866,17.34,35428.87,5334.99,-234090.0,3421.160659976076,,23842.699340023923
1035867,7.92,35428.87,5334.99,-132028.0,3363.2054931633184,5.62478572972973,20730.452486634662
1035892,3.08,35428.85,5335.0,-44731.0,,4.246114216216217,26240.79805194805
1035896,12.0,35428.87,5334.99,-176584.0,1227.3185195392778,3.992906054054055,24821.208147127385
1035900,20.88,35428.87,5334.99,-290356.0,818.6829598684899,2.9080445945945947,26039.2383428135
1035902,3.54,35428.87,5334.99,-47384.0,1484.35281266477,,25894.19645287195
1035903,17.1,35428.87,5334.99,-270827.0,,5.589351351351351,24926.02374269006
1035912,1.44,35428.87,5334.99,-38636.0,1285.847667587278,4.330059945945946,12647.456776857165
1035913,4.74,34614.62,4198.63,-98635.0,1298.2034480802972,,16705.974821961896
1035916,5.46,35428.87,5334.99,-70099.0,2847.869976771408,,25077.345334583908
1035918,5.46,35428.87,5334.99,-55132.0,1684.853307974511,,28981.570794589592
1035919,53.06,35428.87,5334.99,-1175405.0,,4.869379621621622,18611.485329815307
1036023,5.82,36478.78,5499.98,-92700.0,10822.042303772492,,15228.882644681113
1036025,1.44,35664.54,4363.63,-21600.0,13901.784598724487,,11126.385401275511
1036034,3.0,36478.79,5499.99,-44682.0,12438.731871882283,,14646.048128117716
1036062,3.12,36478.79,5499.99,-55011.0,10600.827809719694,,13746.221421049533
1036063,0.78,36478.79,5499.99,0.0,11335.145141437935,,30643.634858562065
1036067,2.76,36478.79,5499.99,-52440.0,12181.065623049562,,10797.714376950436
1037008,0.98,35706.55,5412.49,-5904.0,10318.03168558473,,24776.5185184969
1037016,3.37,35706.55,5412.48,-17471.0,8101.357240846157,,27833.399762121204
1037025,2.82,35706.55,5412.49,-9165.0,7806.539963779595,,30062.50003622041
1037035,3.26,35706.55,5412.49,-13409.0,8666.247153009546,,28339.602662941375
1037040,6.72,35706.55,5412.49,-40320.0,7268.453246404071,,27850.586753595926
1037044,3.06,35706.55,5412.48,-9945.0,11159.883623244115,,26709.14637675588
1037045,0.76,35706.54,5412.5,-2457.0,9582.735308222784,,28303.40995493511
1037046,13.63,35706.55,5412.49,-83594.0,9844.968959447875,,25140.982265790568
1037051,1.8,34892.3,4276.13,-8550.0,10556.44177737977,,23861.98822262023
1037055,0.48,35706.55,5412.48,-4659.0,7862.998922633204,,23549.781077366795
1037060,3.24,35706.56,5412.49,-11340.0,,,37619.049999999996
1037062,12.95,35706.55,5412.49,-136493.0,7817.601964136223,,22761.43803586378
1037065,2.48,35706.55,5412.49,-18588.0,10576.433917573226,,23047.444792104197
1037066,3.49,35706.55,5412.49,-15714.0,10552.877132060547,,26063.584071377853
1037075,1.18,35706.55,5412.49,-18082.0,10029.979882881784,,15765.331303558894
1037079,10.1,35706.55,5412.49,-93007.0,8514.530574340113,,23395.89556427375
1037081,4.03,35706.55,5412.49,-19379.0,10265.101127419013,,26045.254009057415
1037082,1.94,35706.55,5412.49,-6318.0,10936.691178733892,,26925.647790338277
1037083,1.08,35706.55,5412.49,-3510.0,9925.973960627643,,27943.06603937236
1038087,3.12,34952.31,4236.96,-24960.0,7789.2341833055225,,23400.035816694475
1038089,1.5,35766.56,5373.32,-39205.0,6764.306515419589,,8238.906817913743
1038091,44.82,35589.27,5373.32,-1117038.0,,28.001279297297298,16039.832302543506
1038096,4.5,35766.56,5373.32,-40500.0,7441.636588149815,,24698.243411850184
1038123,9.96,35766.56,5373.32,-169320.0,,26.566608810810813,24139.879999999997
1039020,6.96,35728.22,5390.82,-69600.0,6138.625386320106,,24980.414613679895
1039027,12.72,35728.22,5390.82,-165313.0,6819.972705590386,,21302.762262963075
1040018,1.74,35804.89,5334.98,0.0,4681.486057435378,,36458.383942564615
1040020,7.02,35804.89,5334.99,-98280.0,4002.6972485617553,,23137.182751438246
1040027,2.57,35804.89,5334.99,-46535.0,4257.892831149327,9.613367945945946,18774.983277800082
1040035,3.06,35804.89,5334.99,-21420.0,4587.887709982353,,29551.992290017646
1041055,2.29,35809.56,5309.49,-11460.0,,3.2795782702702705,36114.68318777292
1041057,6.54,35809.55,5309.49,-59827.0,3198.3379062711047,,28772.84276651177
1041067,9.78,35644.92,5309.5,-48900.0,2575.140830037007,,33379.27916996299
1041072,2.4,34995.3,4173.13,-12000.0,2681.930502312206,6.905485405405405,31486.499497687793
1041076,0.26,34995.3,4173.14,-2376.0,,6.580353891891892,30029.978461538463
1041078,2.1,35644.93,5309.48,-18866.0,,5.287315459459459,31970.60047619048
1041091,15.24,35809.55,5309.49,-213143.0,,5.108983513513514,27133.278845144356
1041099,3.53,35809.55,5309.49,-28224.0,,6.840416918918919,33123.57257790368
1041109,0.96,35809.54,5309.5,-7680.0,2730.221256030693,,30388.818743969307
1041118,7.24,35644.93,5309.49,-72185.0,2662.443329123672,7.407050594594594,28321.67280347301
1041120,6.31,34736.01,4173.13,-50496.0,1622.3284136800414,8.877260918918918,29284.275928633742
1041174,2.44,35809.55,5309.5,-21907.0,,3.8966215675675677,32140.771311475415
1041176,5.8,35809.54,5309.5,-44919.0,,2.6364864864864868,33374.38482758621
1041183,0.78,35809.56,5309.48,-7668.0,,4.554899513513514,31288.270769230763
1042067,4.8,35724.85,5429.15,-46978.0,7341.246226187327,,24025.670440479335
1042069,6.0,34910.6,4292.79,0.0,6855.34699679506,,32348.04300320494
1042075,123.43,31376.25,5429.15,-2528462.0,5948.447030701663,28.42839010810811,10371.965527023367
1042101,8.28,35724.85,5429.15,-144900.0,5679.024332855224,,17974.975667144776
1042102,1.2,35724.85,5429.15,-12270.0,8783.956995460914,,22145.043004539086
1042106,7.2,35724.87,5429.17,-134509.0,5550.669117573604,,16921.56532687084
1042111,3.6,35724.85,5429.15,-113325.0,7828.7044072003055,,1846.1289261330312
1042124,3.72,35724.85,5429.15,-37200.0,5649.171603171561,,25504.828396828438
1042126,7.92,35724.85,5429.15,-47520.0,,42.192115081081084,35154.0
1042130,7.8,35724.85,5429.15,-157560.0,8675.195697978565,,12278.804302021435
1042131,3.66,35724.85,5429.15,-47580.0,,22.5345772972973,28154.0
1042132,8.57,35729.37,5429.15,-195511.0,,27.603802594594594,18345.10109684948
1042133,4.48,35729.37,5429.15,-42522.0,3530.497017816694,,28136.505125040458
1042134,14.16,35724.85,5429.15,-197532.0,7535.870930346265,,19668.129069653733
1042137,4.49,35724.85,5429.15,-97103.0,,24.162027675675677,19527.496659242763
1042142,2.4,34651.31,4292.79,-15360.0,8016.900415632029,,24527.19958436797
1042143,32.5,34524.85,5429.15,-870183.0,,28.102098540540542,13179.138461538463
1042145,1.2,34910.6,4292.79,-26863.0,,,16817.556666666664
1042146,4.8,35724.85,5429.15,-107269.0,7682.099175502539,,11124.192491164125
1042148,6.6,35724.85,5429.15,-151890.0,7232.737537949368,,10907.626098414268
1043009,21.49,35738.22,5380.82,-367891.0,,33.0236805945946,23999.868292228944
1043027,3.84,34923.97,4244.46,-15360.0,6341.652125472589,,28826.77787452741
1043035,13.57,35738.22,5380.82,-57438.0,4134.287210125046,,32752.033556271417
1043041,1.68,35738.22,5380.82,-6720.0,8309.909858710402,,28809.1301412896
1043044,10.32,35738.21,5380.82,-97639.0,6381.867117151771,,25276.019471995514
1043050,2.4,35738.22,5380.82,-4564.0,8137.176800857519,,31080.196532475817
1043055,6.36,35738.21,5380.83,-69960.0,6540.135072380679,,23578.904927619325
1043056,11.0,35738.21,5380.82,-75471.0,3314.9782617766323,2.6364864864864868,30943.051738223367
1043058,4.56,35738.22,5380.82,-25978.0,5301.776346488587,,30120.33382895001
1043059,12.96,35738.22,5380.82,-98175.0,5659.9082999669445,,27883.90021855158
1043061,6.0,35738.22,5380.82,-88752.0,6138.920730167065,,20188.11926983294
1043062,3.24,35738.22,5380.82,-10426.0,6938.035366669168,,30963.103398762934
1043063,31.49,35738.22,5380.82,-57013.0,4785.428829928173,,34523.09989665169
1043069,3.24,35738.22,5380.82,-24988.0,5493.63396258991,,27913.060358397743
1044012,7.68,35416.77,5402.49,-1130.0,7069.153446982221,,33602.97113635111
1044035,87.0,35416.77,5402.49,-1759691.0,4726.431976406237,27.77812708108108,15866.494690260424
1044038,6.54,35416.77,5402.49,-78480.0,6423.89951923823,,22395.360480761767
1044056,20.64,35416.77,5402.49,-340560.0,4870.864222426233,,19448.395777573765
1045019,17.76,35681.9,5331.65,-333607.0,3080.370748833776,,19149.001323238303
1045058,3.24,35681.9,5331.65,-9234.0,2624.8086471273728,,35538.74135287263
1045068,34.44,35681.9,5331.65,-766153.0,1828.254380344095,,16939.273552292376
1045071,11.47,35681.9,5331.65,-213300.0,,7.824353675675677,22417.211726242374
1045072,5.46,35681.9,5331.65,-88646.0,3589.7134339392155,,21188.305430529654
1045077,41.23,35681.9,5331.65,-970337.0,2037.3237871460456,14.366636702702701,15441.494221585464
1045082,3.96,35681.9,5331.65,-115409.0,3317.991244807867,,8551.871886505265
1045084,0.36,35681.89,5331.64,-1043.0,2801.3785445852113,,35314.92923319257
1045086,4.26,35681.9,5331.64,-134941.0,3331.2748562251563,,6005.974063962636
1045101,121.5,35681.9,5331.65,-4225281.0,1396.535758497621,,4841.038932860407
1045114,5.22,35681.9,5331.65,-192082.0,2730.368880194187,,1485.863112142979
1045122,7.68,35681.9,5331.65,-196335.0,3505.388359708888,,11943.708515291117
1045123,5.4,35681.9,5331.65,-47077.0,3391.8507422906223,,28903.736294746413
1045126,7.2,35681.9,5331.65,-185064.0,2986.84777000711,,12323.368896659562
1045129,10.68,35681.9,5331.65,-128545.0,3072.2711639797394,,25905.230146881684
1045135,4.44,35681.9,5331.65,-48840.0,3635.540607011015,,26378.009392988984
1045137,6.36,35681.9,5331.65,-139810.0,4127.512694413813,,14903.33290307047
1045138,3.96,35681.9,5331.65,-44541.0,2310.180583833171,,27455.64214343956
1045139,3.06,35681.9,5331.65,-114856.0,4213.178224150604,,-734.2687470264136
1045140,11.4,34867.65,4195.29,-127262.0,2698.120759205028,,25201.485907461643
1045142,6.66,35681.9,5331.65,,3326.963534726658,,
1046017,0.36,35125.52,5345.0,0.0,3526.714559001923,,36943.805440998076
1046024,7.26,35049.76,5344.99,-109038.0,2287.0223455303344,,23088.719390006852
1046029,1.68,35125.52,5344.99,-18215.0,4350.459309268929,,25277.78878596916
1046033,7.5,35105.75,5344.99,-115850.0,3650.421281579228,,21353.652051754107
1046034,7.8,35105.75,5344.99,-132632.0,3238.627618646296,,20208.00981725114
1046053,3.24,35094.18,5344.98,-25920.0,2376.972329137805,,30062.1876708622
1046057,0.6,35105.75,5344.98,-11400.0,,,21450.729999999996
1046064,6.36,34291.49,4208.63,-104011.0,2258.504408853027,,19887.68477353691
1046069,0.66,35094.18,5344.98,0.0,3554.5974055200895,,36884.56259447991
1047021,1.44,35406.49,5435.92,-21840.0,5685.228314134916,,19990.51501919841
1047022,9.18,35406.49,5435.92,-147721.0,4261.9972302938295,,20488.800569270432
1047026,0.72,35406.49,5435.92,-11904.0,5240.4726893488705,,19068.60397731779
1047036,0.96,35406.49,5435.92,-19114.0,5502.92959026134,,15429.06374307199
1047038,0.6,35406.48,5435.92,0.0,6177.4848009225725,,34664.915199077426
1047040,4.8,35406.49,5435.92,-116300.0,4157.593240894111,,12455.65009243922
1047046,15.42,35406.49,5435.92,-269850.0,3867.48516077358,,19474.924839226413
1047048,3.12,35406.49,5435.92,-7875.0,3216.101160727627,,35102.27037773391
1047051,2.4,35406.49,5435.92,-18872.0,4004.974695219565,,28974.101971447097
1047052,31.68,35406.49,5435.92,-737869.0,4059.175413715021,,13491.91514184053
1047062,4.2,35406.49,5435.92,-43215.0,7271.397111100804,,23281.727174613476
1047064,24.84,35406.49,5435.92,-546480.0,3925.745602473891,,14916.664397526103
1048034,7.0,35733.22,5385.82,-61752.0,4839.687635331293,,27457.638078954424
1048036,28.44,35733.22,5385.82,-498060.0,3882.3238403862574,,19724.057931765645
1048041,2.28,35733.22,5385.82,-18240.0,4684.93855511442,,28434.10144488558
1048052,5.4,35733.22,5385.82,0.0,3102.1133341748573,,38016.92666582514
1048060,23.34,35733.22,5385.82,-404527.0,3385.583193367221,,20401.537355047516
1048062,14.48,35733.22,5385.82,-291057.0,3822.955273496089,,17195.463179542585
1048064,21.18,35733.22,5385.82,-256654.0,5053.028397441986,,23948.25900576859
1048066,9.48,35733.22,5385.82,0.0,4840.391070733183,,36278.64892926682
1048069,1.74,35733.22,5385.82,-12180.0,5537.05022677639,,28581.989773223613
1048079,2.04,34918.97,4249.46,-10200.0,4713.017268748657,,29455.412731251345
1048085,127.85,35733.22,5385.82,-3186991.0,3143.8348112956915,22.823536216216215,13047.625994335911
1048092,3.24,35733.22,5385.82,-45360.0,3573.728386035373,,23545.31161396463
1048093,11.96,35733.22,5385.82,-119496.0,3332.7977491292677,,27794.937903044643
1048098,19.79,35733.22,5385.82,-341751.0,3366.286556323266,,20483.880275409938
1048108,6.04,35733.22,5385.82,-127401.0,4656.601435864454,,15369.557769433562
1048109,1.21,35733.22,5385.82,-8193.0,3360.645576567672,,30987.32004326704
1048111,12.46,35733.22,5385.82,-160896.0,,23.67037567567568,28206.038394863564
1048113,7.73,35733.22,5385.82,-116460.0,,23.476224810810812,26053.063285899094
1048114,5.18,35733.22,5385.82,-66252.0,3422.531948152379,,24906.546661886234
1048118,4.44,34918.97,4249.46,-22200.0,3966.6194466472757,,30201.810553352727
1048119,6.97,35733.22,5385.82,-76661.0,4424.585064006332,,25695.74618420027
1048122,41.33,35733.22,5385.82,-109386.0,4367.809849640125,,34104.58122705961
1049007,3.66,35755.38,5465.82,-72250.0,6040.674039084024,,15440.088802446026
1049019,4.62,35778.96,5465.82,-17325.0,5363.356035062748,,32131.423964937254
1049023,1.86,35755.38,5465.82,-14880.0,6274.980603835338,,26946.219396164655
1049026,6.36,35755.38,5465.82,-95447.0,5769.992912659543,,20443.81715023353
1049032,0.72,35755.38,5465.82,-2628.0,4745.208975130586,,32825.991024869414
1050022,2.64,35727.39,5412.49,-40202.0,5765.838912489758,,20146.010784479935
1050026,6.18,35727.39,5412.49,-66143.0,6175.61657686013,,24261.512614078383
1050031,5.76,35727.39,5412.49,-64765.0,5028.865616214087,18.479239243243246,24867.090772674797
1050037,6.6,35727.39,5412.49,-108889.0,4899.823805991373,,19741.72286067529
1050040,5.28,35727.39,5412.49,-70030.0,4990.67507616574,,22885.947348076683
1050041,3.06,35727.39,5412.49,-18722.0,7350.405215442524,,27671.174130962703
1050069,1.56,35727.39,5412.49,-11606.0,8634.81462349733,,25065.321786759076
1050075,2.52,34913.14,4276.13,0.0,6017.232305752504,,33172.03769424749
1051010,1.87,35747.4,5392.5,-22464.0,4947.9238122169645,,24179.14196318411
1051022,0.6,35775.0,5392.5,-12636.0,5476.539509176317,,14630.96049082368
1051023,4.26,35747.39,5392.49,-89471.0,4227.093246805631,,15910.20459356995
1051026,5.04,35747.39,5392.49,-80640.0,4526.526170121015,,20613.35382987898
1051027,1.56,34933.14,4256.14,-24648.0,3981.185095927381,,19408.09490407262
1052008,7.45,35575.22,5543.82,-135955.0,5945.181204661201,,16924.865506748196
1052018,1.38,35575.23,5543.81,-3960.0,5597.712796328106,,32651.761986280588
1052023,16.36,35575.22,5543.82,-190516.0,5122.131279592035,,24351.676446569338
1052029,2.42,35575.22,5543.82,-35374.0,5603.864925288327,,20897.819702810848
1052033,7.26,35575.22,5543.82,-114599.0,5297.201099719969,,20036.852674384714
1052038,6.94,35575.22,5543.82,-85243.0,6071.916029537483,,22764.27094452592
1052041,2.39,35575.22,5543.82,-23853.0,5180.372461210119,,25958.33281075641
1052042,4.62,35575.22,5543.82,-63279.0,6077.24080690864,,21345.04594633812
1052043,2.1,35575.22,5543.82,-44388.0,5724.850817863508,,14257.046324993637
1052044,7.46,35575.22,5543.82,-75045.0,5527.337443793154,,25532.051081676014
1052046,2.4,35575.22,5543.81,-35557.0,6351.210071185428,,19952.403262147902
1052048,7.2,35575.22,5543.82,-102422.0,5104.77320958693,,21788.989012635295
1052053,4.96,35575.22,5543.82,-77833.0,5608.712302592411,,19818.1906006334
1052059,1.2,35575.23,5543.82,-3898.0,6244.532528928313,,31626.184137738357
1052060,6.53,35575.22,5543.82,-54791.0,6341.073907266049,,26387.307593499645
1052061,12.61,35575.22,5543.82,-100183.0,4646.740486921157,,28527.573105465843
1052062,1.63,35575.22,5543.82,-2856.0,5430.10283224927,,33936.78992848693
1052068,3.36,35575.22,5543.82,-60469.0,5414.081698311895,,17708.232111211917
1052085,0.6,35575.22,5543.82,-4086.0,5290.847191351366,,29018.192808648637
1052086,1.2,35575.22,5543.82,-20555.0,5358.687574414309,,18631.185758919022
1052088,2.18,35575.22,5543.82,-48782.0,6064.4647539110665,,12677.511025905449
1052097,1.92,35575.22,5543.82,-27733.0,5087.264408116462,,21587.504758550203
1052100,35.7,35575.22,5543.82,-860269.0,5010.990442181862,,12010.8786894708
1052115,27.78,33575.22,5543.82,-205299.0,4924.131247202022,,26804.735966620872
1052122,1.5,35575.22,5543.82,0.0,5972.035560053,,35147.004439947
1052123,3.6,35575.22,5543.82,-43518.0,5787.001543514395,,23243.70512315227
1052124,14.16,35575.22,5543.82,-480627.0,6317.392277946073,,859.0629762912213
1052127,23.7,35575.22,5543.82,-223901.0,6060.829049532058,13.454412378378379,25610.911372408867
1053023,1.74,36300.3,5576.32,-15185.0,8728.81287622042,,24420.795629526707
1053025,7.52,36300.3,5576.32,-109413.0,8149.165622040363,,19177.853314129854
1053028,1.98,35486.05,4439.96,-34104.0,9849.420727631477,,12852.3468481261
1053035,4.44,36300.3,5576.32,-37441.0,8820.534626888275,,24623.42771545407
1053039,1.2,36300.3,5576.32,-3400.0,10946.963289695332,,28096.323376971337
1053046,3.46,36300.3,5576.32,-52849.0,,2.6364864864864868,26602.342543352606
1053047,4.56,36300.3,5576.32,0.0,8853.121876865425,,33023.498123134574
1053051,2.27,36300.3,5576.32,-29484.0,8651.670340806339,,20236.403403687054
1053060,6.11,36300.3,5576.32,-34731.0,9524.712674598059,,26667.619273028788
1053062,1.97,35486.05,4439.96,-23382.0,8912.770394330411,2.6364864864864868,19144.204072674667
1053063,1.68,36300.3,5576.32,-8227.0,9126.95799375823,,27852.638196717962
1054015,12.38,35787.05,5331.99,0.0,1847.523493744788,,39271.51650625521
1054027,6.56,35787.05,5331.99,-32820.0,2349.8288940985744,,33766.16232541362
1054030,5.94,35787.05,5331.99,-59400.0,1656.293546794088,,29462.74645320591
1054045,4.06,35787.05,5331.99,-28392.0,2322.603657767993,,31803.332893956147
1054046,1.15,35787.05,5331.98,-5760.0,5334.540464194435,12.290034486486485,30775.793883631653
1054054,21.73,35787.05,5331.99,-347712.0,2393.8240257934303,,22723.7433557068
1054064,8.4,35787.05,5331.99,-63278.0,2361.1079393629907,,31224.836822541773
1054068,1.68,35787.05,5331.98,-12720.0,5136.284651264031,,28411.316777307395
1054076,5.06,35787.05,5331.99,-40512.0,5027.461551518255,,28085.254337809813
1055009,16.26,35664.89,5454.15,-199461.0,4892.498792220784,8.049193243243243,23959.567038037516
1055043,1.14,35664.9,5454.17,-9828.0,4751.903332767038,,27746.114035654013
1055053,12.41,35664.89,5454.15,-159529.0,3370.53482301131,,24893.63007626347
1055064,20.39,35164.88,5454.15,-360574.0,,3.610826432432433,22935.16536047082
1055080,4.04,35664.89,5454.15,-13074.0,,7.475599243243243,37882.90138613861
1055082,3.41,35664.89,5454.15,-10046.0,5409.42401816028,,32763.574926121248
1055083,9.92,35664.89,5454.15,-80923.0,5339.851001587812,,27621.62851454122
1055088,9.0,35664.89,5454.15,-76768.0,5910.589841283399,,26678.672380938824
1055094,1.49,35664.89,5454.14,-27542.0,5922.300529234671,,16712.165712376067
1055097,10.8,35164.89,5454.15,-158189.0,,3.782303513513514,25971.910370370373
1055100,8.4,35664.89,5454.15,-29820.0,4629.6804047876485,,32939.35959521235
1055111,3.9,35664.89,5454.15,-31946.0,5769.207900441922,,27158.55004827603
1055113,11.83,35664.89,5454.15,-156493.0,4989.621798172476,5.444977351351351,22900.931304109858
1055114,3.0,35664.89,5454.15,-28636.0,4772.250262051198,,26801.45640461547
1055119,5.16,35664.89,5454.15,-98615.0,4952.693427321069,,17054.9124641518
1056011,1.14,35461.15,5458.42,-22191.0,6088.175709213268,,15365.604817102518
1056017,0.9,35461.15,5458.42,0.0,4137.802466419211,,36781.76753358079
1056019,1.56,35461.15,5458.42,-10920.0,6626.839114324702,,27292.7308856753
1056029,2.4,34646.9,4322.06,-23100.0,5277.050692780633,,24066.909307219365
1056038,21.96,35461.15,5458.42,-461160.0,5286.909501070651,,14632.660498929348
1057010,2.76,35673.22,5445.83,-10350.0,5372.179725795718,,31996.870274204288
1057014,27.37,35673.22,5445.82,-239949.0,6140.555802676089,,26211.622670104327
1057023,7.19,35673.22,5445.82,-21797.0,5737.972071305549,,32349.496301434367
1057026,2.21,35673.22,5445.82,-11520.0,,15.851189513513514,35906.37031674208
1057031,6.72,35673.22,5445.82,-28375.0,7043.71971339654,,29852.850048508226
1057044,6.72,35673.22,5445.82,-17982.0,7155.053587610495,,31288.09355524665
1057046,5.4,35673.22,5445.82,-58677.0,9028.756134210018,,21224.172754678875
1058022,3.0,34442.18,4347.46,-9750.0,18469.651984107375,,17069.988015892624
1058038,4.57,35256.43,5483.82,-23425.0,7828.9507230141635,,27785.47870805805
1058050,0.72,34442.18,4347.46,-6209.0,9929.50741733779,,20236.521471551096
1058061,2.52,35256.43,5483.82,-3000.0,8716.24852865221,,30833.5252808716
1058062,3.6,34442.18,4347.46,-28493.0,8018.289640635607,,22856.62813714217
1058067,3.14,35256.43,5483.82,-14988.0,8327.589431806367,,27639.412160550324
1058076,2.82,34442.18,4347.46,-2880.0,19019.192320906197,,18749.171083349123
1058077,7.38,32942.18,4347.46,-31365.0,,39.48423254054054,33039.64
1058084,4.44,34442.18,4347.46,-44798.0,9340.535367626668,,19359.464992733694
1058088,0.78,34442.18,4347.46,-2730.0,11063.720718410372,,24225.919281589628
1058089,1.2,34442.18,4347.46,-10059.0,20486.353172599946,,9920.786827400054
1059033,6.0,35739.89,5379.15,-52182.0,3460.227581380741,,28961.812418619258
1059039,9.88,35739.89,5379.15,-125689.0,,13.95545027027027,28397.48129554656
1059046,1.06,35739.88,5379.15,0.0,3255.562445953753,,37863.46755404625
1059054,11.4,35739.89,5379.15,-4731.0,4107.1039928798455,,36596.93600712015
1060043,0.84,35707.38,5411.65,-2100.0,8243.85548233694,,30375.174517663057
1060046,1.31,34893.14,4275.29,-3270.0,6774.409546014942,,29897.83724787819
1060048,0.72,35707.38,5411.65,-2808.0,6922.559255251789,,30296.470744748207
1060054,2.1,35707.39,5411.65,-25781.0,6679.987630470102,,22162.385702863234
1060055,11.58,34207.39,5411.65,-266243.0,7205.891569624376,,9421.524941601878
1060058,7.58,35707.39,5411.65,-63072.0,6590.244458193228,,26207.95121462999
1060059,1.21,35707.39,5411.66,-6788.0,8040.592072922988,,27468.54057170511
1060060,2.84,35707.39,5411.65,-12357.0,7462.862759438969,,29305.120902532864
1060072,6.0,35707.39,5411.65,-51273.0,5316.633361832372,,27256.90663816763
1060074,7.62,35707.39,5411.65,-53769.0,6248.066466376256,,27814.67432102532
1061035,5.0,36382.47,5494.15,0.0,7439.229601050265,2.6364864864864868,34437.390398949734
1061040,1.02,36382.47,5494.15,0.0,11463.0543703812,,30413.565629618803
1061079,6.6,36382.47,5494.15,0.0,8696.189108331495,2.6364864864864868,33180.43089166851
1061082,2.02,36382.5,5494.17,-15133.0,,2.6364864864864868,34385.08584158416
1061088,44.16,36382.47,5494.15,-1516447.0,8955.688524787141,2.6364864864864868,-1418.900952323369
1061090,5.1,36382.5,5494.17,-68155.0,,2.6364864864864868,28512.94450980392
1061091,3.05,35568.22,4357.79,0.0,,2.6364864864864868,39926.01
1061093,10.7,36382.47,5494.15,0.0,8464.832380300939,2.6364864864864868,33411.78761969906
1061095,26.38,36382.47,5494.15,-198840.0,,2.6364864864864868,34339.091569370736
1061105,4.62,36382.47,5494.15,-18064.0,7769.600891942168,2.6364864864864868,30197.062398101127
1061106,6.46,36382.47,5494.15,-143209.0,,2.6364864864864868,19708.044148606812
1061117,1.57,36382.48,5494.15,-7860.0,,2.6364864864864868,36870.260573248415
1061125,3.6,36382.47,5494.15,-25507.0,9231.128515624476,,25560.213706597748
1061130,22.34,36382.47,5494.15,-312816.0,7247.392629844664,2.6364864864864868,20626.720655741727
1062009,7.2,35396.59,5445.82,-46800.0,8157.343862420668,,26185.066137579328
1062014,2.4,35396.59,5445.82,-13200.0,6138.296583518545,,29204.11341648145
1062023,13.26,35396.59,5445.82,-139230.0,5663.608700612621,,24678.801299387378
1062024,4.04,35396.59,5445.82,-57264.0,6703.708075910266,,19964.444498347155
1063024,0.36,35376.06,5392.5,-2520.0,6957.967640177503,,26810.59235982249
1063043,12.0,34437.72,4256.13,-4324000.0,5852.231027580706,25.35002848648649,-327491.714360914
1063100,0.18,35376.02,5392.5,-1260.0,4524.613590039083,,29243.906409960917
1063115,2.52,35376.03,5392.49,-26460.0,7540.929838570385,,22727.59016142961
1063118,0.84,35376.02,5392.5,-7560.0,4967.426286017206,,26801.093713982787
1064024,3.48,35734.4,5384.64,-70647.0,4071.318509193381,,16746.859421841105
1064029,1.68,35734.4,5384.64,-72289.0,,,-1910.1266666666706
1064032,5.46,35734.4,5384.64,-168824.0,4709.152115261659,,5489.741364591824
1064033,9.24,35734.4,5384.64,-156349.0,4328.234551675068,,19869.918002437484
1064039,27.12,35734.4,5384.64,-606443.0,3663.2696289603787,,15094.302819417204
1065016,57.25,35664.05,5557.15,0.0,6739.740421278836,44.288227297297304,34481.459578721166
1065025,1.38,35664.06,5557.15,-6900.0,7860.619367288162,,28360.590632711835
1065045,4.86,34849.8,4420.79,-77760.0,6733.090143654515,,16537.499856345494
1065047,17.22,35664.05,5557.15,-344396.0,6056.563789625878,,15164.868498411292
1065061,12.0,35664.05,5557.15,-240000.0,,,21221.200000000004
1065065,3.12,35664.05,5557.15,-40853.0,7447.5606188182255,,20679.72912477152
1065072,3.96,35664.05,5557.15,-31200.0,8411.232369581012,,24931.179751631113
1066025,1.56,35711.9,5427.98,-6240.0,5193.650900725976,,31946.22909927403
1066035,8.82,34979.48,4291.62,-158760.0,,19.132771513513514,21271.100000000006
1066043,4.44,35711.92,5428.0,-67488.0,6119.448192679153,,19820.471807320842
1066048,4.2,35727.01,5427.98,-84000.0,5156.394649095734,,15998.595350904274
1066058,0.72,35711.9,5427.98,-9360.0,5060.601148577356,,23079.27885142265
1066060,3.0,35711.9,5427.98,-28500.0,5625.537610593438,,26014.342389406564
1066061,4.74,35711.9,5427.98,-97917.0,,28.036502756756757,20482.285063291143
1067037,5.4,35738.22,5380.82,-67059.0,4878.984691423306,,23821.721975243363
1067046,23.47,35738.22,5380.82,-127000.0,3451.3895121525798,,32256.487300800127
1067047,15.59,35738.22,5380.82,-245704.0,3696.66195586664,,21662.01883951501
1067051,7.14,35738.22,5380.82,-75748.0,3919.1368177515537,,26590.93959681427
1067055,3.0,35738.22,5380.82,-42769.0,5456.482717440684,,21406.223949225983
1067056,8.98,35738.22,5380.82,-75213.0,3740.2324927911795,,29003.19503504847
1067065,8.66,35738.22,5380.82,-33813.0,4005.772076801551,,33208.76445899522
1067100,15.13,35738.22,5380.82,-167009.0,5072.353390713247,,25008.418268242473
1067102,12.72,35738.22,5380.82,-114527.0,4334.152770166758,,27781.192261279786
1068026,12.6,35843.72,5373.32,-134684.0,5696.578367991404,,24831.25528280225
1068029,3.6,35029.47,4236.96,-50400.0,4623.180356240257,,20643.249643759744
1069015,4.16,36451.29,5502.49,-36792.0,9275.312012844788,,23834.23721792444
1069020,0.54,35637.04,4366.13,-5000.0,12078.030900148946,,18665.879840591795
1069022,0.66,36451.29,5502.49,-1980.0,12266.565139795042,,26687.214860204956
1070006,3.71,35760.73,5379.15,-35226.0,7100.627025523673,,24544.37426827687
1070007,2.16,34946.48,4242.79,-14040.0,9207.766523387336,,23481.50347661267
1070009,2.16,35760.73,5379.15,-16200.0,9406.536194136439,,24233.343805863566
1070018,3.64,35760.73,5379.15,-29088.0,7921.879754830164,,25226.791453961046
1071020,1.26,35842.39,5297.49,-9450.0,,10.178103351351352,33639.88
1072012,2.58,35389.92,5452.49,-28380.0,5242.366787027752,,24600.043212972247
1072015,0.84,35389.92,5452.49,-4200.0,3868.096822248994,,31974.313177751
1072017,29.4,35389.92,5452.49,-689173.0,3735.662986648641,,13665.488509949995
1072024,2.7,34575.67,4316.13,-27000.0,5056.326950218066,,23835.473049781933
1072030,2.04,35389.92,5452.49,-10200.0,5592.186604378804,,30250.223395621193
1072031,0.48,35389.92,5452.5,-2400.0,4981.87379582879,,30860.54620417121
1072033,3.78,35389.92,5452.49,-32130.0,4669.40716553762,,27673.00283446238
1072037,1.32,35389.92,5452.49,-29318.0,6277.802467520329,,12354.00147187361
1073010,5.4,35383.99,5458.42,-161949.0,5486.9044375401045,,5364.950006904335
1073016,14.88,35383.99,5458.42,-179566.0,5842.777277620014,,22932.02519549826
1073021,14.64,35383.99,5458.42,-211979.0,4638.064701012482,,21724.905408277133
1073027,21.9,35383.99,5458.42,-251081.0,5350.742184220807,,24026.78197103033
1073031,3.12,35383.99,5458.42,-58109.0,8538.609805582515,,13679.120707237995
1073037,2.88,35384.0,5458.42,-30872.0,7195.115245497029,,22927.860310058524
1074001,23.32,35719.05,5399.99,-295865.0,4726.228827609756,,23705.632784740163
1074005,22.82,35719.05,5399.99,-258731.0,5301.253472140349,,24479.8811816721
1074008,7.62,35719.05,5399.99,-34290.0,4257.015822984979,,32362.024177015024
1074011,7.09,35719.05,5399.99,-22950.0,5832.660422417588,,32049.426122011184
1074013,7.86,35719.05,5399.99,-25545.0,5878.137121999764,,31990.90287800024
1074014,2.64,35719.05,5399.99,-8580.0,4074.8501385407385,,33794.189861459265
1074025,12.72,35719.05,5399.99,-192604.0,4912.994854814663,,21064.221245814268
1075003,1.56,35657.04,4371.13,-10800.0,17499.609928374473,,15605.483148548603
1075007,3.41,36471.29,5507.49,-65985.0,11498.839533052495,,11129.50058424956
1075009,3.3,36471.28,5507.48,-30810.0,12207.258538444677,,20435.13782519168
1075012,0.48,36471.28,5507.5,0.0,13070.714549497881,,28908.065450502116
1075021,2.52,36471.29,5507.49,-12660.0,12648.153347836853,,24306.817128353625
1075023,2.64,36471.3,5507.5,-34440.0,12053.654161810093,,16879.691292735366
1076016,5.16,36461.97,5516.82,-74700.0,12068.05947029428,,15433.98634365921
1076017,1.44,35647.71,4380.46,-5760.0,14809.207225570577,,21218.96277442942
1076020,1.56,36461.96,5516.82,-29621.0,12471.204635784881,,10519.754851394606
1076027,5.4,36461.94,5516.81,-72900.0,12316.844149957713,,16161.905850042287
1077016,2.4,34964.8,4203.63,-27227.0,5391.770589490022,,22432.076077176644
1077022,4.46,35779.17,5340.0,-49153.0,2167.6132403255633,,27930.704741737216
1077025,6.52,35779.05,5339.99,-78192.0,4066.113291531671,,25060.288671658513
1078001,14.02,35656.06,5462.98,-123563.0,5220.322001169895,,27085.37991038502
1078010,15.79,35656.06,5462.98,-220617.0,4557.091684259328,,22590.00404721628
1078011,1.44,34841.81,4326.62,-4680.0,6228.2479511052625,,29690.18204889474
1078013,6.24,35656.06,5462.98,-67696.0,5363.637012997345,,24906.6850382847
1078015,2.88,35656.06,5462.98,,4970.927974507787,,
1080001,1.36,35441.1,5320.0,-16490.0,1840.9242578192852,,26795.175742180712
1080008,8.4,35441.11,5320.0,-90409.0,3309.5942662886905,,26688.53954323512
1080013,3.3,35441.1,5320.0,-59447.0,1673.1753213411034,,21073.682254416468
1080016,15.36,35441.1,5319.99,-263464.0,1674.2201725942452,,21934.265660739085
1080022,3.6,34626.85,4183.63,-89194.0,1462.998885629254,,12571.370003259632
1080035,4.8,35441.1,5319.99,,1994.719318574349,,
1080036,3.96,35441.1,5319.99,-8400.0,1275.9943988153555,,37363.88347997252
1080038,38.94,35441.1,5319.99,-778628.0,1615.1006972054133,2.6364864864864868,19150.40635466926
1081004,5.4,35774.05,5344.99,-40964.0,5542.901472490081,,27990.21260158399
1081007,19.06,35774.05,5344.99,-226496.0,2103.798675698088,,27131.925479600966
1081020,2.64,34959.8,4208.63,-24420.0,4930.854328520934,,24987.575671479062
1081027,6.96,35774.05,5344.99,-72235.0,4325.8434571801745,,26414.604588796836
1406017,49.28,34244.95,5335.09,0.0,,2.6364864864864868,39580.03999999999
1407023,3.3,35685.71,5433.32,-43144.0,5439.716622373524,,22605.37398368708
1418002,1.19,34980.64,4208.63,0.0,9045.232105127481,,30144.037894872516
1431021,5.58,34604.35,4206.13,-48586.0,2752.5023926110216,,27350.809148607612
1435033,3.6,35428.87,5334.99,-34200.0,1818.5959699848054,,29445.264030015198
1441010,9.64,35809.56,5309.49,,1515.1440037417146,4.5934976756756765,
1446006,1.8,35094.18,5344.99,-21600.0,3788.5524671680305,,24650.617532831966
1450004,2.16,34913.14,4276.13,-12960.0,6034.294142258622,,27154.975857741374
1467011,8.58,35738.22,5380.82,-113402.0,3919.7667604107564,,23982.256922572928
1478008,31.42,35656.06,5462.98,-628320.0,5760.117378507551,35.87772994594595,15361.468770442156
